{"cameraMode":{"drawMode":0,"name":"Shaded","section":"Shading Mode"},"sceneLighting":false,"audioPlay":false,"sceneViewState":{"m_AlwaysRefresh":true,"showFog":true,"showSkybox":false,"showFlares":true,"showImageEffects":true,"showParticleSystems":true,"showVisualEffectGraphs":true,"m_FxEnabled":true},"in2DMode":false,"pivot":{"x":2.4329166412353517,"y":5.596800804138184,"z":-0.007322788238525391},"rotation":{"x":0.1503543108701706,"y":0.08589839935302735,"z":-0.013095310889184475,"w":0.9848241806030273},"size":35.389217376708987,"orthographic":false}