{"cameraMode":{"drawMode":0,"name":"Shaded","section":"Shading Mode"},"sceneLighting":true,"audioPlay":false,"sceneViewState":{"m_AlwaysRefresh":true,"showFog":true,"showSkybox":true,"showFlares":true,"showImageEffects":true,"showParticleSystems":true,"showVisualEffectGraphs":true,"m_FxEnabled":true},"in2DMode":false,"pivot":{"x":838.6221923828125,"y":27.053041458129884,"z":752.1368408203125},"rotation":{"x":0.12799903750419618,"y":-0.026774490252137185,"z":0.0034566631074994804,"w":0.9914085268974304},"size":6.7920918464660648,"orthographic":false}