{"cameraMode":{"drawMode":0,"name":"Shaded","section":"Shading Mode"},"sceneLighting":true,"audioPlay":false,"sceneViewState":{"m_AlwaysRefresh":true,"showFog":true,"showSkybox":true,"showFlares":true,"showImageEffects":true,"showParticleSystems":true,"showVisualEffectGraphs":true,"m_FxEnabled":true},"in2DMode":false,"pivot":{"x":770.1058349609375,"y":26.093902587890626,"z":799.5786743164063},"rotation":{"x":-0.0029422894585877659,"y":-0.9904083013534546,"z":-0.02139943838119507,"w":0.13657571375370027},"size":0.8660253882408142,"orthographic":false}