{"cameraMode":{"drawMode":0,"name":"Shaded","section":"Shading Mode"},"sceneLighting":true,"audioPlay":false,"sceneViewState":{"m_AlwaysRefresh":true,"showFog":true,"showSkybox":true,"showFlares":true,"showImageEffects":true,"showParticleSystems":true,"showVisualEffectGraphs":true,"m_FxEnabled":true},"in2DMode":false,"pivot":{"x":802.7364501953125,"y":23.238622665405275,"z":791.3258056640625},"rotation":{"x":0.04070477932691574,"y":-0.5884681344032288,"z":0.02968159131705761,"w":0.8069677352905273},"size":1.2247449159622193,"orthographic":false}