{"cameraMode":{"drawMode":0,"name":"Shaded","section":"Shading Mode"},"sceneLighting":true,"audioPlay":false,"sceneViewState":{"m_AlwaysRefresh":true,"showFog":true,"showSkybox":true,"showFlares":true,"showImageEffects":true,"showParticleSystems":true,"showVisualEffectGraphs":true,"m_FxEnabled":true},"in2DMode":false,"pivot":{"x":845.6002197265625,"y":46.918487548828128,"z":782.1522216796875},"rotation":{"x":0.005929576698690653,"y":-0.9934524893760681,"z":0.09706681966781616,"w":0.06047055870294571},"size":22.35068130493164,"orthographic":false}