{"cameraMode":{"drawMode":0,"name":"Shaded","section":"Shading Mode"},"sceneLighting":true,"audioPlay":false,"sceneViewState":{"m_AlwaysRefresh":true,"showFog":true,"showSkybox":true,"showFlares":true,"showImageEffects":true,"showParticleSystems":true,"showVisualEffectGraphs":true,"m_FxEnabled":true},"in2DMode":false,"pivot":{"x":378.35455322265627,"y":242.57632446289063,"z":114.45109558105469},"rotation":{"x":0.06687689572572708,"y":-0.7796983122825623,"z":0.08453671634197235,"w":0.6168257594108582},"size":276.375244140625,"orthographic":false}