{"cameraMode":{"drawMode":0,"name":"Shaded","section":"Shading Mode"},"sceneLighting":true,"audioPlay":false,"sceneViewState":{"m_AlwaysRefresh":true,"showFog":true,"showSkybox":true,"showFlares":true,"showImageEffects":true,"showParticleSystems":true,"showVisualEffectGraphs":true,"m_FxEnabled":true},"in2DMode":false,"pivot":{"x":847.0759887695313,"y":26.09563446044922,"z":793.7114868164063},"rotation":{"x":0.19751180708408357,"y":-0.41915974020957949,"z":0.09395474940538407,"w":0.8811858296394348},"size":21.896215438842775,"orthographic":false}